UPDATE `creature_template` SET `AIName` = "", `ScriptName` = "npc_darkmoon_faire_mystic_mage" WHERE `entry` = 54334;
DELETE FROM `smart_scripts` WHERE `entryorguid` = 54334 AND `source_type` = 0;
UPDATE `creature_template` SET `ScriptName` = "npc_selina_dourman" WHERE `entry` = 10445;

UPDATE `game_event_gameobject` SET `eventEntry` = 3 WHERE `eventEntry` = 75;

UPDATE `creature` SET `spawndist` = 0, `MovementType` = 2, `position_x` = -4029.083, `position_y` = 6276.619, `position_z` = 10.18344 WHERE `guid` = 1400011;
UPDATE `creature` SET `spawndist` = 0, `MovementType` = 0 WHERE `guid` = 1400012;

DELETE FROM `creature_addon` WHERE `guid`= 1400011;
INSERT INTO `creature_addon` (`guid`, `path_id`, `mount`, `bytes1`, `bytes2`, `emote`, `auras`) VALUES
(1400011, 14000110, 0, 0, 1, 0, "");

DELETE FROM `waypoint_data` WHERE `id` = 14000110;
INSERT INTO `waypoint_data` (`id`, `point`, `position_x`, `position_y`, `position_z`, `orientation`, `delay`, `move_type`, `action`, `action_chance`, `wpguid`) VALUES
(14000110, 1, -4029.083, 6276.619, 10.18344, 0, 0, 0, 0, 100, 0),
(14000110, 2, -4039.335, 6289.607, 10.1855, 0, 0, 0, 0, 100, 0),
(14000110, 3, -4052.212, 6301.694, 10.11833, 0, 0, 0, 0, 100, 0),
(14000110, 4, -4063.542, 6312.986, 10.11833, 0, 0, 0, 0, 100, 0),
(14000110, 5, -4080.451, 6328.855, 9.825958, 0, 0, 0, 0, 100, 0),
(14000110, 6, -4096.42, 6336.471, 9.825955, 0, 0, 0, 0, 100, 0),
(14000110, 7, -4116.934, 6347.939, 9.825955, 0, 0, 0, 0, 100, 0),
(14000110, 8, -4138.082, 6351.953, 9.825917, 0, 0, 0, 0, 100, 0),
(14000110, 9, -4164.543, 6353.951, 9.825917, 0, 0, 0, 0, 100, 0),
(14000110, 10, -4187.503, 6351.134, 9.825955, 0, 0, 0, 0, 100, 0),
(14000110, 11, -4218.802, 6346.977, 9.825955, 0, 0, 0, 0, 100, 0),
(14000110, 12, -4247.597, 6341.32, 9.825955, 0, 0, 0, 0, 100, 0),
(14000110, 13, -4264.741, 6343.163, 10.1929, 0, 0, 0, 0, 100, 0),
(14000110, 14, -4282.766, 6344.669, 9.996053, 0, 0, 0, 0, 100, 0),
(14000110, 15, -4300.082, 6346.167, 9.901448, 0, 0, 0, 0, 100, 0),
(14000110, 16, -4315.285, 6345.894, 9.746053, 0, 0, 0, 0, 100, 0),
(14000110, 17, -4330.168, 6344.745, 9.939168, 0, 0, 0, 0, 100, 0),
(14000110, 18, -4347.693, 6343.939, 9.871053, 0, 0, 0, 0, 100, 0),
(14000110, 19, -4364.318, 6340.635, 10.84054, 0, 0, 0, 0, 100, 0),
(14000110, 20, -4361.063, 6341.277, 10.65637, 0, 22000, 0, 0, 100, 0),
(14000110, 21, -4364.318, 6340.635, 10.84054, 0, 0, 0, 0, 100, 0),
(14000110, 22, -4378.733, 6336.581, 11.6141, 0, 500, 0, 0, 100, 0),
(14000110, 23, -4364.318, 6340.635, 10.84054, 0, 0, 0, 0, 100, 0),
(14000110, 24, -4347.693, 6343.939, 9.871053, 0, 0, 0, 0, 100, 0),
(14000110, 25, -4330.168, 6344.745, 9.939168, 0, 0, 0, 0, 100, 0),
(14000110, 26, -4315.285, 6345.894, 9.746053, 0, 0, 0, 0, 100, 0),
(14000110, 27, -4300.082, 6346.167, 9.901448, 0, 0, 0, 0, 100, 0),
(14000110, 28, -4282.766, 6344.669, 9.996053, 0, 0, 0, 0, 100, 0),
(14000110, 29, -4264.741, 6343.163, 10.1929, 0, 0, 0, 0, 100, 0),
(14000110, 30, -4247.597, 6341.32, 9.825955, 0, 0, 0, 0, 100, 0),
(14000110, 31, -4218.802, 6346.977, 9.825955, 0, 0, 0, 0, 100, 0),
(14000110, 32, -4187.503, 6351.134, 9.825955, 0, 0, 0, 0, 100, 0),
(14000110, 33, -4164.543, 6353.951, 9.825917, 0, 0, 0, 0, 100, 0),
(14000110, 34, -4138.082, 6351.953, 9.825917, 0, 0, 0, 0, 100, 0),
(14000110, 35, -4116.934, 6347.939, 9.825955, 0, 0, 0, 0, 100, 0),
(14000110, 36, -4096.42, 6336.471, 9.825955, 0, 0, 0, 0, 100, 0),
(14000110, 37, -4080.451, 6328.855, 9.825958, 0, 0, 0, 0, 100, 0),
(14000110, 38, -4063.542, 6312.986, 10.11833, 0, 0, 0, 0, 100, 0),
(14000110, 39, -4052.212, 6301.694, 10.11833, 0, 0, 0, 0, 100, 0),
(14000110, 40, -4039.335, 6289.607, 10.1855, 0, 0, 0, 0, 100, 0),
(14000110, 41, -4029.083, 6276.619, 10.18344, 0, 0, 0, 0, 100, 0),
(14000110, 42, -4017.953, 6266.069, 10.1855, 0, 0, 0, 0, 100, 0),
(14000110, 43, -4002.981, 6253.635, 10.18684, 0, 0, 0, 0, 100, 0),
(14000110, 44, -3991.868, 6243.412, 11.03603, 0, 0, 0, 0, 100, 0),
(14000110, 45, -3983.865, 6235.367, 12.72988, 0, 500, 0, 0, 100, 0),
(14000110, 46, -3991.868, 6243.412, 11.03603, 0, 0, 0, 0, 100, 0),
(14000110, 47, -4002.981, 6253.635, 10.18684, 0, 0, 0, 0, 100, 0),
(14000110, 48, -4017.953, 6266.069, 10.1855, 0, 0, 0, 0, 100, 0),
(14000110, 49, -4007.429, 6257.33, 10.18644, 0, 22000, 0, 0, 100, 0),
(14000110, 50, -4017.953, 6266.069, 10.1855, 0, 0, 0, 0, 100, 0);

DELETE FROM `creature_formations` WHERE `leaderGUID` = 1400011;
INSERT INTO `creature_formations` (`leaderGUID`, `memberGUID`, `dist`, `angle`, `groupAI`, `point_1`, `point_2`) VALUES
(1400011, 1400011, 0, 0, 515, 0, 0),
(1400011, 1400012, 4.5, 0, 515, 0, 0);

UPDATE `creature` SET `spawndist` = 0, `MovementType` = 2, `position_x` = -4280.285, `position_y` = 6353.648, `position_z` = 11.37179 WHERE `guid`= 1400352;
DELETE FROM `creature_addon` WHERE `guid` = 1400352;

INSERT INTO `creature_addon` (`guid`, `path_id`, `mount`, `bytes1`, `bytes2`, `emote`, `aiAnimKit`, `auras`) VALUES
(1400352, 14003520, 0, 0, 1, 0, 645, "");

DELETE FROM `waypoint_data` WHERE `id` = 14003520;
INSERT INTO `waypoint_data` (`id`, `point`, `position_x`, `position_y`, `position_z`, `orientation`, `delay`, `move_type`, `action`, `action_chance`, `wpguid`) VALUES
(14003520, 1, -4280.285, 6353.648, 11.37179, 0, 0, 0, 0, 100, 0),
(14003520, 2, -4275.378, 6354.921, 11.80221, 0, 0, 0, 0, 100, 0),
(14003520, 3, -4272.526, 6352.604, 11.37105, 0, 0, 0, 0, 100, 0),
(14003520, 4, -4275.175, 6350.457, 10.85592, 0, 0, 0, 0, 100, 0),
(14003520, 5, -4280.361, 6350.862, 10.78695, 0, 0, 0, 0, 100, 0),
(14003520, 6, -4286.556, 6350.817, 10.65658, 0, 0, 0, 0, 100, 0),
(14003520, 7, -4300.894, 6351.326, 10.46773, 0, 0, 0, 0, 100, 0),
(14003520, 8, -4316.783, 6351.304, 10.09005, 0, 0, 0, 0, 100, 0),
(14003520, 9, -4327.424, 6350.124, 10.07345, 0, 0, 0, 0, 100, 0),
(14003520, 10, -4345.922, 6346.935, 9.996053, 0, 0, 0, 0, 100, 0),
(14003520, 11, -4360.813, 6345.35, 10.98568, 0, 0, 0, 0, 100, 0),
(14003520, 12, -4369.637, 6343.758, 11.69735, 0, 0, 0, 0, 100, 0),
(14003520, 13, -4375.67, 6342.044, 12.38436, 0, 0, 0, 0, 100, 0),
(14003520, 14, -4380.443, 6342.123, 12.64376, 0, 0, 0, 0, 100, 0),
(14003520, 15, -4383.549, 6344.963, 12.98458, 0, 0, 0, 0, 100, 0),
(14003520, 16, -4380.337, 6347.482, 13.15145, 0, 0, 0, 0, 100, 0),
(14003520, 17, -4376.215, 6346.938, 13.09652, 0, 0, 0, 0, 100, 0),
(14003520, 18, -4370.675, 6345.825, 12.13155, 0, 0, 0, 0, 100, 0),
(14003520, 19, -4360.851, 6346.043, 11.03585, 0, 0, 0, 0, 100, 0),
(14003520, 20, -4345.79, 6347.43, 9.871053, 0, 0, 0, 0, 100, 0),
(14003520, 21, -4327.653, 6350.897, 10.16622, 0, 0, 0, 0, 100, 0),
(14003520, 22, -4317.111, 6351.229, 10.08101, 0, 0, 0, 0, 100, 0),
(14003520, 23, -4297.198, 6352.622, 10.74813, 0, 0, 0, 0, 100, 0),
(14003520, 24, -4288.563, 6352.403, 11.00777, 0, 0, 0, 0, 100, 0);

DELETE FROM `vehicle_template_accessory` WHERE `entry` IN (55306, 55305);
INSERT INTO `vehicle_template_accessory` (`entry`, `accessory_entry`, `seat_id`, `minion`, `description`, `summontype`, `summontimer`) VALUES
(55305, 55306, 0, 1, 'Carl Goodup - Balloon Cart', 8, 0),
(55306, 55307, 0, 1, 'Balloon Cart - Balloon Cart Bunny', 8, 0);

DELETE FROM `npc_spellclick_spells` WHERE `npc_entry` IN (55306, 55305);
INSERT INTO `npc_spellclick_spells` (`npc_entry`, `spell_id`, `cast_flags`, `user_type`) VALUES
(55306, 46598, 0, 0),
(55305, 46598, 0, 0);

DELETE FROM `creature_template_addon` WHERE `entry` IN (55306, 55307);
INSERT INTO `creature_template_addon` (`entry`, `bytes1`, `bytes2`, `emote`, `auras`) VALUES
(55307, 0, 0, 0, '16245 103320'),
(55306, 0, 0, 0, '96847');

UPDATE `creature_template` SET `flags_extra`= 128 WHERE `entry` IN (55307, 54545, 55261);
DELETE FROM `creature` WHERE `guid` IN (1400353, 1400354);
DELETE FROM `creature_addon` WHERE `guid` IN (1400353, 1400354);

UPDATE `creature` SET `spawndist` = 0, `MovementType` = 2, `position_x` = -4298.76, `position_y` = 6320.601, `position_z` = 12.91641 WHERE `guid` = 1400117;
UPDATE `creature` SET `spawndist` = 0, `MovementType` = 0 WHERE `guid` IN (1400118, 1400107, 1400116);

DELETE FROM `creature_addon` WHERE `guid` = 1400117;
INSERT INTO `creature_addon` (`guid`, `path_id`, `mount`, `bytes1`, `bytes2`, `emote`, `auras`) VALUES
(1400117, 14001170, 0, 0, 1, 0, "");

DELETE FROM `waypoint_data` WHERE `id` = 14001170;
INSERT INTO `waypoint_data` (`id`, `point`, `position_x`, `position_y`, `position_z`, `orientation`, `delay`, `move_type`, `action`, `action_chance`, `wpguid`) VALUES
(14001170, 1, -4298.76, 6320.601, 12.91641, 0, 0, 0, 0, 100, 0),
(14001170, 2, -4288.031, 6322.976, 11.61722, 0, 0, 0, 0, 100, 0),
(14001170, 3, -4276.035, 6325.076, 10.69107, 0, 0, 0, 0, 100, 0),
(14001170, 4, -4276.219, 6325.05, 10.70096, 0, 0, 0, 0, 100, 0),
(14001170, 5, -4245.769, 6331.519, 10.13626, 0, 0, 0, 0, 100, 0),
(14001170, 6, -4224.394, 6336.049, 10.43753, 0, 0, 0, 0, 100, 0),
(14001170, 7, -4205.439, 6340.563, 10.39578, 0, 0, 0, 0, 100, 0),
(14001170, 8, -4189.162, 6341.506, 10.35257, 0, 0, 0, 0, 100, 0),
(14001170, 9, -4172.832, 6342.874, 11.02652, 0, 0, 0, 0, 100, 0),
(14001170, 10, -4145.792, 6342.092, 10.39476, 0, 0, 0, 0, 100, 0),
(14001170, 11, -4127.696, 6338.033, 11.33426, 0, 0, 0, 0, 100, 0),
(14001170, 12, -4114.787, 6331.579, 11.75171, 0, 0, 0, 0, 100, 0),
(14001170, 13, -4107.632, 6325.641, 13.28101, 0, 0, 0, 0, 100, 0),
(14001170, 14, -4097.563, 6321.932, 12.02664, 0, 0, 0, 0, 100, 0),
(14001170, 15, -4099.167, 6318.711, 12.6055, 0, 25000, 0, 0, 100, 0),
(14001170, 16, -4096.022, 6334.382, 9.825955, 0, 0, 0, 0, 100, 0),
(14001170, 17, -4101.609, 6344.061, 9.825955, 0, 0, 0, 0, 100, 0),
(14001170, 18, -4110.278, 6353.368, 9.825955, 0, 0, 0, 0, 100, 0),
(14001170, 19, -4122.068, 6360.825, 9.825955, 0, 0, 0, 0, 100, 0),
(14001170, 20, -4124.417, 6368.816, 11.8951, 0, 0, 0, 0, 100, 0),
(14001170, 21, -4124.498, 6374.816, 12.98885, 0, 15000, 0, 0, 100, 0),
(14001170, 22, -4138.037, 6369.491, 11.7015, 0, 0, 0, 0, 100, 0),
(14001170, 23, -4149.29, 6369.661, 10.3967, 0, 0, 0, 0, 100, 0),
(14001170, 24, -4152.759, 6375.502, 12.22055, 0, 15000, 0, 0, 100, 0),
(14001170, 25, -4161.264, 6363.706, 9.825917, 0, 0, 0, 0, 100, 0),
(14001170, 26, -4169.424, 6360.92, 9.825955, 0, 0, 0, 0, 100, 0),
(14001170, 27, -4190.212, 6358.247, 9.950955, 0, 0, 0, 0, 100, 0),
(14001170, 28, -4209.827, 6356.262, 10.13992, 0, 0, 0, 0, 100, 0),
(14001170, 29, -4222.865, 6352.444, 10.59402, 0, 0, 0, 0, 100, 0),
(14001170, 30, -4231.712, 6352.828, 11.53152, 0, 0, 0, 0, 100, 0),
(14001170, 31, -4239.269, 6356.209, 11.9739, 0, 0, 0, 0, 100, 0),
(14001170, 32, -4241.207, 6359.709, 12.70096, 0, 12000, 0, 0, 100, 0),
(14001170, 33, -4252.019, 6340.184, 9.825955, 0, 0, 0, 0, 100, 0),
(14001170, 34, -4256.128, 6325.119, 11.3743, 0, 0, 0, 0, 100, 0),
(14001170, 35, -4263.946, 6321.718, 11.08377, 0, 0, 0, 0, 100, 0),
(14001170, 36, -4265.986, 6316.837, 11.74295, 0, 26000, 0, 0, 100, 0),
(14001170, 37, -4287.703, 6324.148, 11.19497, 0, 0, 0, 0, 100, 0),
(14001170, 38, -4296.547, 6323.421, 11.95681, 0, 0, 0, 0, 100, 0),
(14001170, 39, -4302.215, 6320.212, 12.69944, 0, 500, 0, 0, 100, 0),
(14001170, 40, -4300.2, 6315.281, 13.24155, 0, 500, 0, 0, 100, 0),
(14001170, 41, -4300.2, 6315.281, 13.24155, 4.782202, 12000, 0, 0, 100, 0);

DELETE FROM `creature_formations` WHERE `leaderGUID` = 1400117;
INSERT INTO `creature_formations` (`leaderGUID`, `memberGUID`, `dist`, `angle`, `groupAI`, `point_1`, `point_2`) VALUES
(1400117, 1400117, 0, 0, 515, 0, 0),
(1400117, 1400118, 2, 180, 515, 0, 0),
(1400117, 1400107, 2, 60, 515, 0, 0),
(1400117, 1400116, 2, 300, 515, 0, 0);

DELETE FROM `creature_equip_template` WHERE `CreatureID` IN (55229, 55230, 55231, 55088, 55399);
INSERT INTO `creature_equip_template` (`CreatureID`, `ID`, `ItemID1`, `ItemID2`, `ItemID3`) VALUES
(55229, 1, 2200, 0, 0),
(55230, 1, 2200, 0, 0),
(55231, 1, 2200, 0, 0),
(55088, 1, 2200, 0, 0),
(55399, 1, 2200, 0, 0);

UPDATE `creature` SET `equipment_id` = 0 WHERE `ID` IN (55229, 55230, 55231, 55088, 55399);
UPDATE `creature_template_addon` SET `auras` = "" WHERE `entry` IN (55089, 55093, 55220, 55221, 55223, 55222, 55342, 55341, 55226, 55225, 55397, 55398);

DELETE FROM `conditions` WHERE `SourceEntry` = 102882 AND `SourceTypeOrReferenceId` = 13;
INSERT INTO `conditions` (`SourceTypeOrReferenceId`, `SourceGroup`, `SourceEntry`, `SourceId`, `ElseGroup`, `ConditionTypeOrReference`, `ConditionTarget`, `ConditionValue1`, `ConditionValue2`, `ConditionValue3`, `NegativeCondition`, `ErrorType`, `ScriptName`, `Comment`) VALUES
(13, 1, 102882, 0, 0, 31, 0, 3, 55089, 0, 0, 0, "", "NPC Juggle Torch - Target Fire Juggler"),
(13, 1, 102882, 0, 1, 31, 0, 3, 55093, 0, 0, 0, "", "NPC Juggle Torch - Target Fire Juggler"),
(13, 1, 102882, 0, 2, 31, 0, 3, 55220, 0, 0, 0, "", "NPC Juggle Torch - Target Fire Juggler"),
(13, 1, 102882, 0, 3, 31, 0, 3, 55221, 0, 0, 0, "", "NPC Juggle Torch - Target Fire Juggler"),
(13, 1, 102882, 0, 4, 31, 0, 3, 55223, 0, 0, 0, "", "NPC Juggle Torch - Target Fire Juggler"),
(13, 1, 102882, 0, 5, 31, 0, 3, 55222, 0, 0, 0, "", "NPC Juggle Torch - Target Fire Juggler"),
(13, 1, 102882, 0, 6, 31, 0, 3, 55342, 0, 0, 0, "", "NPC Juggle Torch - Target Fire Juggler"),
(13, 1, 102882, 0, 7, 31, 0, 3, 55341, 0, 0, 0, "", "NPC Juggle Torch - Target Fire Juggler"),
(13, 1, 102882, 0, 8, 31, 0, 3, 55226, 0, 0, 0, "", "NPC Juggle Torch - Target Fire Juggler"),
(13, 1, 102882, 0, 9, 31, 0, 3, 55225, 0, 0, 0, "", "NPC Juggle Torch - Target Fire Juggler"),
(13, 1, 102882, 0, 10, 31, 0, 3, 55397, 0, 0, 0, "", "NPC Juggle Torch - Target Fire Juggler"),
(13, 1, 102882, 0, 11, 31, 0, 3, 55398, 0, 0, 0, "", "NPC Juggle Torch - Target Fire Juggler");

UPDATE `creature_template` SET `AIName` = "SmartAI" WHERE `entry` IN (55088, 55230, 55231, 55229, 55399);
UPDATE `creature_template` SET `AIName` = "SmartAI" WHERE `entry` IN (55397, 55398, 55226, 55225, 55342, 55341, 55223, 55222, 55220, 55221, 55089, 55093);

DELETE FROM `smart_scripts` WHERE `entryorguid` IN (55088, 55230, 55231, 55229, 55399) AND `source_type` = 0;
DELETE FROM `smart_scripts` WHERE `entryorguid` IN (55397, 55398, 55226, 55225, 55342, 55341, 55223, 55222, 55220, 55221, 55089, 55093) AND `source_type` = 0;
INSERT INTO `smart_scripts` (`entryorguid`, `source_type`, `id`, `link`, `event_type`, `event_phase_mask`, `event_chance`, `event_flags`, `event_param1`, `event_param2`, `event_param3`, `event_param4`, `action_type`, `action_param1`, `action_param2`, `action_param3`, `action_param4`, `action_param5`, `action_param6`, `target_type`, `target_param1`, `target_param2`, `target_param3`, `target_x`, `target_y`, `target_z`, `target_o`, `comment`) VALUES
(55088, 0, 0, 0, 1, 0, 100, 0, 1000, 1000, 40000, 40000, 11, 102911, 0, 0, 0, 0, 0, 1, 0, 0, 0, 0, 0, 0, 0, "Fire Eater - OOC - Cast Spell"),
(55088, 0, 1, 0, 1, 0, 100, 0, 7000, 7000, 40000, 40000, 11, 102911, 0, 0, 0, 0, 0, 1, 0, 0, 0, 0, 0, 0, 0, "Fire Eater - OOC - Cast Spell"),
(55088, 0, 2, 0, 1, 0, 100, 0, 13000, 13000, 40000, 40000, 11, 102910, 0, 0, 0, 0, 0, 1, 0, 0, 0, 0, 0, 0, 0, "Fire Eater - OOC - Cast Spell"),
(55088, 0, 3, 4, 1, 0, 100, 0, 19000, 19000, 40000, 40000, 11, 45407, 0, 0, 0, 0, 0, 1, 0, 0, 0, 0, 0, 0, 0, "Fire Eater - OOC - Cast Spell"),
(55088, 0, 4, 0, 61, 0, 100, 0, 0, 0, 0, 0, 5, 2, 0, 0, 0, 0, 0, 1, 0, 0, 0, 0, 0, 0, 0, "Fire Eater - OOC (Link) - Play Emote (2)"),
(55088, 0, 5, 0, 1, 0, 100, 0, 22500, 22500, 40000, 40000, 71, 0, 0, 0, 0, 0, 0, 1, 0, 0, 0, 0, 0, 0, 0, "Fire Eater - OOC - Set Equip (0)"),
(55088, 0, 6, 0, 1, 0, 100, 0, 25000, 25000, 40000, 40000, 71, 1, 0, 0, 0, 0, 0, 1, 0, 0, 0, 0, 0, 0, 0, "Fire Eater - OOC - Set Equip (1)"),
(55088, 0, 7, 0, 1, 0, 100, 0, 28500, 28500, 40000, 40000, 5, 92, 0, 0, 0, 0, 0, 1, 0, 0, 0, 0, 0, 0, 0, "Fire Eater - OOC - Play Emote (92)"),

(55230, 0, 0, 0, 1, 0, 100, 0, 1000, 1000, 40000, 40000, 11, 102911, 0, 0, 0, 0, 0, 1, 0, 0, 0, 0, 0, 0, 0, "Fire Eater - OOC - Cast Spell"),
(55230, 0, 1, 0, 1, 0, 100, 0, 7000, 7000, 40000, 40000, 11, 102911, 0, 0, 0, 0, 0, 1, 0, 0, 0, 0, 0, 0, 0, "Fire Eater - OOC - Cast Spell"),
(55230, 0, 2, 0, 1, 0, 100, 0, 13000, 13000, 40000, 40000, 11, 102910, 0, 0, 0, 0, 0, 1, 0, 0, 0, 0, 0, 0, 0, "Fire Eater - OOC - Cast Spell"),
(55230, 0, 3, 4, 1, 0, 100, 0, 19000, 19000, 40000, 40000, 11, 45407, 0, 0, 0, 0, 0, 1, 0, 0, 0, 0, 0, 0, 0, "Fire Eater - OOC - Cast Spell"),
(55230, 0, 4, 0, 61, 0, 100, 0, 0, 0, 0, 0, 5, 2, 0, 0, 0, 0, 0, 1, 0, 0, 0, 0, 0, 0, 0, "Fire Eater - OOC (Link) - Play Emote (2)"),
(55230, 0, 5, 0, 1, 0, 100, 0, 22500, 22500, 40000, 40000, 71, 0, 0, 0, 0, 0, 0, 1, 0, 0, 0, 0, 0, 0, 0, "Fire Eater - OOC - Set Equip (0)"),
(55230, 0, 6, 0, 1, 0, 100, 0, 25000, 25000, 40000, 40000, 71, 1, 0, 0, 0, 0, 0, 1, 0, 0, 0, 0, 0, 0, 0, "Fire Eater - OOC - Set Equip (1)"),
(55230, 0, 7, 0, 1, 0, 100, 0, 28500, 28500, 40000, 40000, 5, 92, 0, 0, 0, 0, 0, 1, 0, 0, 0, 0, 0, 0, 0, "Fire Eater - OOC - Play Emote (92)"),

(55231, 0, 0, 0, 1, 0, 100, 0, 1000, 1000, 40000, 40000, 11, 102911, 0, 0, 0, 0, 0, 1, 0, 0, 0, 0, 0, 0, 0, "Fire Eater - OOC - Cast Spell"),
(55231, 0, 1, 0, 1, 0, 100, 0, 7000, 7000, 40000, 40000, 11, 102911, 0, 0, 0, 0, 0, 1, 0, 0, 0, 0, 0, 0, 0, "Fire Eater - OOC - Cast Spell"),
(55231, 0, 2, 0, 1, 0, 100, 0, 13000, 13000, 40000, 40000, 11, 102910, 0, 0, 0, 0, 0, 1, 0, 0, 0, 0, 0, 0, 0, "Fire Eater - OOC - Cast Spell"),
(55231, 0, 3, 4, 1, 0, 100, 0, 19000, 19000, 40000, 40000, 11, 45407, 0, 0, 0, 0, 0, 1, 0, 0, 0, 0, 0, 0, 0, "Fire Eater - OOC - Cast Spell"),
(55231, 0, 4, 0, 61, 0, 100, 0, 0, 0, 0, 0, 5, 2, 0, 0, 0, 0, 0, 1, 0, 0, 0, 0, 0, 0, 0, "Fire Eater - OOC (Link) - Play Emote (2)"),
(55231, 0, 5, 0, 1, 0, 100, 0, 22500, 22500, 40000, 40000, 71, 0, 0, 0, 0, 0, 0, 1, 0, 0, 0, 0, 0, 0, 0, "Fire Eater - OOC - Set Equip (0)"),
(55231, 0, 6, 0, 1, 0, 100, 0, 25000, 25000, 40000, 40000, 71, 1, 0, 0, 0, 0, 0, 1, 0, 0, 0, 0, 0, 0, 0, "Fire Eater - OOC - Set Equip (1)"),
(55231, 0, 7, 0, 1, 0, 100, 0, 28500, 28500, 40000, 40000, 5, 92, 0, 0, 0, 0, 0, 1, 0, 0, 0, 0, 0, 0, 0, "Fire Eater - OOC - Play Emote (92)"),

(55229, 0, 0, 0, 1, 0, 100, 0, 1000, 1000, 40000, 40000, 11, 102911, 0, 0, 0, 0, 0, 1, 0, 0, 0, 0, 0, 0, 0, "Fire Eater - OOC - Cast Spell"),
(55229, 0, 1, 0, 1, 0, 100, 0, 7000, 7000, 40000, 40000, 11, 102911, 0, 0, 0, 0, 0, 1, 0, 0, 0, 0, 0, 0, 0, "Fire Eater - OOC - Cast Spell"),
(55229, 0, 2, 0, 1, 0, 100, 0, 13000, 13000, 40000, 40000, 11, 102910, 0, 0, 0, 0, 0, 1, 0, 0, 0, 0, 0, 0, 0, "Fire Eater - OOC - Cast Spell"),
(55229, 0, 3, 4, 1, 0, 100, 0, 19000, 19000, 40000, 40000, 11, 45407, 0, 0, 0, 0, 0, 1, 0, 0, 0, 0, 0, 0, 0, "Fire Eater - OOC - Cast Spell"),
(55229, 0, 4, 0, 61, 0, 100, 0, 0, 0, 0, 0, 5, 2, 0, 0, 0, 0, 0, 1, 0, 0, 0, 0, 0, 0, 0, "Fire Eater - OOC (Link) - Play Emote (2)"),
(55229, 0, 5, 0, 1, 0, 100, 0, 22500, 22500, 40000, 40000, 71, 0, 0, 0, 0, 0, 0, 1, 0, 0, 0, 0, 0, 0, 0, "Fire Eater - OOC - Set Equip (0)"),
(55229, 0, 6, 0, 1, 0, 100, 0, 25000, 25000, 40000, 40000, 71, 1, 0, 0, 0, 0, 0, 1, 0, 0, 0, 0, 0, 0, 0, "Fire Eater - OOC - Set Equip (1)"),
(55229, 0, 7, 0, 1, 0, 100, 0, 28500, 28500, 40000, 40000, 5, 92, 0, 0, 0, 0, 0, 1, 0, 0, 0, 0, 0, 0, 0, "Fire Eater - OOC - Play Emote (92)"),

(55399, 0, 0, 0, 1, 0, 100, 0, 1000, 1000, 40000, 40000, 11, 102911, 0, 0, 0, 0, 0, 1, 0, 0, 0, 0, 0, 0, 0, "Fire Eater - OOC - Cast Spell"),
(55399, 0, 1, 0, 1, 0, 100, 0, 7000, 7000, 40000, 40000, 11, 102911, 0, 0, 0, 0, 0, 1, 0, 0, 0, 0, 0, 0, 0, "Fire Eater - OOC - Cast Spell"),
(55399, 0, 2, 0, 1, 0, 100, 0, 13000, 13000, 40000, 40000, 11, 102910, 0, 0, 0, 0, 0, 1, 0, 0, 0, 0, 0, 0, 0, "Fire Eater - OOC - Cast Spell"),
(55399, 0, 3, 4, 1, 0, 100, 0, 19000, 19000, 40000, 40000, 11, 45407, 0, 0, 0, 0, 0, 1, 0, 0, 0, 0, 0, 0, 0, "Fire Eater - OOC - Cast Spell"),
(55399, 0, 4, 0, 61, 0, 100, 0, 0, 0, 0, 0, 5, 2, 0, 0, 0, 0, 0, 1, 0, 0, 0, 0, 0, 0, 0, "Fire Eater - OOC (Link) - Play Emote (2)"),
(55399, 0, 5, 0, 1, 0, 100, 0, 22500, 22500, 40000, 40000, 71, 0, 0, 0, 0, 0, 0, 1, 0, 0, 0, 0, 0, 0, 0, "Fire Eater - OOC - Set Equip (0)"),
(55399, 0, 6, 0, 1, 0, 100, 0, 25000, 25000, 40000, 40000, 71, 1, 0, 0, 0, 0, 0, 1, 0, 0, 0, 0, 0, 0, 0, "Fire Eater - OOC - Set Equip (1)"),
(55399, 0, 7, 0, 1, 0, 100, 0, 28500, 28500, 40000, 40000, 5, 92, 0, 0, 0, 0, 0, 1, 0, 0, 0, 0, 0, 0, 0, "Fire Eater - OOC - Play Emote (92)"),

(55397, 0, 0, 0, 1, 0, 100, 0, 0, 0, 67000, 67000, 5, 2, 0, 0, 0, 0, 0, 1, 0, 0, 0, 0, 0, 0, 0, "Fire Juggler - OOC - Play Emote (2)"),
(55397, 0, 1, 0, 1, 0, 100, 0, 4800, 4800, 67000, 67000, 11, 102905, 0, 0, 0, 0, 0, 1, 0, 0, 0, 0, 0, 0, 0, "Fire Juggler - OOC - Cast Spell"),
(55397, 0, 2, 0, 1, 0, 100, 0, 29300, 29300, 67000, 67000, 28, 0, 0, 0, 0, 0, 0, 1, 0, 0, 0, 0, 0, 0, 0, "Fire Juggler - OOC - Remove All Auras"),
(55397, 0, 3, 0, 1, 0, 100, 0, 39000, 39000, 67000, 67000, 5, 2, 0, 0, 0, 0, 0, 1, 0, 0, 0, 0, 0, 0, 0, "Fire Juggler - OOC - Play Emote (2)"),
(55397, 0, 4, 0, 1, 0, 100, 0, 47500, 47500, 67000, 67000, 11, 46322, 0, 0, 0, 0, 0, 1, 0, 0, 0, 0, 0, 0, 0, "Fire Juggler - OOC - Cast Spell"),

(55398, 0, 0, 0, 1, 0, 100, 0, 1000, 1000, 67000, 67000, 5, 2, 0, 0, 0, 0, 0, 1, 0, 0, 0, 0, 0, 0, 0, "Fire Juggler - OOC - Play Emote (2)"),
(55398, 0, 1, 0, 1, 0, 100, 0, 5800, 5800, 67000, 67000, 11, 102905, 0, 0, 0, 0, 0, 1, 0, 0, 0, 0, 0, 0, 0, "Fire Juggler - OOC - Cast Spell"),
(55398, 0, 2, 0, 1, 0, 100, 0, 30300, 30300, 67000, 67000, 28, 0, 0, 0, 0, 0, 0, 1, 0, 0, 0, 0, 0, 0, 0, "Fire Juggler - OOC - Remove All Auras"),
(55398, 0, 3, 0, 1, 0, 100, 0, 40000, 40000, 67000, 67000, 5, 2, 0, 0, 0, 0, 0, 1, 0, 0, 0, 0, 0, 0, 0, "Fire Juggler - OOC - Play Emote (2)"),
(55398, 0, 4, 0, 1, 0, 100, 0, 48500, 48500, 67000, 67000, 11, 46322, 0, 0, 0, 0, 0, 1, 0, 0, 0, 0, 0, 0, 0, "Fire Juggler - OOC - Cast Spell"),

(55226, 0, 0, 0, 1, 0, 100, 0, 0, 0, 67000, 67000, 5, 2, 0, 0, 0, 0, 0, 1, 0, 0, 0, 0, 0, 0, 0, "Fire Juggler - OOC - Play Emote (2)"),
(55226, 0, 1, 0, 1, 0, 100, 0, 4800, 4800, 67000, 67000, 11, 102905, 0, 0, 0, 0, 0, 1, 0, 0, 0, 0, 0, 0, 0, "Fire Juggler - OOC - Cast Spell"),
(55226, 0, 2, 0, 1, 0, 100, 0, 29300, 29300, 67000, 67000, 28, 0, 0, 0, 0, 0, 0, 1, 0, 0, 0, 0, 0, 0, 0, "Fire Juggler - OOC - Remove All Auras"),
(55226, 0, 3, 0, 1, 0, 100, 0, 39000, 39000, 67000, 67000, 5, 2, 0, 0, 0, 0, 0, 1, 0, 0, 0, 0, 0, 0, 0, "Fire Juggler - OOC - Play Emote (2)"),
(55226, 0, 4, 0, 1, 0, 100, 0, 47500, 47500, 67000, 67000, 11, 46322, 0, 0, 0, 0, 0, 1, 0, 0, 0, 0, 0, 0, 0, "Fire Juggler - OOC - Cast Spell"),

(55225, 0, 0, 0, 1, 0, 100, 0, 1000, 1000, 67000, 67000, 5, 2, 0, 0, 0, 0, 0, 1, 0, 0, 0, 0, 0, 0, 0, "Fire Juggler - OOC - Play Emote (2)"),
(55225, 0, 1, 0, 1, 0, 100, 0, 5800, 5800, 67000, 67000, 11, 102905, 0, 0, 0, 0, 0, 1, 0, 0, 0, 0, 0, 0, 0, "Fire Juggler - OOC - Cast Spell"),
(55225, 0, 2, 0, 1, 0, 100, 0, 30300, 30300, 67000, 67000, 28, 0, 0, 0, 0, 0, 0, 1, 0, 0, 0, 0, 0, 0, 0, "Fire Juggler - OOC - Remove All Auras"),
(55225, 0, 3, 0, 1, 0, 100, 0, 40000, 40000, 67000, 67000, 5, 2, 0, 0, 0, 0, 0, 1, 0, 0, 0, 0, 0, 0, 0, "Fire Juggler - OOC - Play Emote (2)"),
(55225, 0, 4, 0, 1, 0, 100, 0, 48500, 48500, 67000, 67000, 11, 46322, 0, 0, 0, 0, 0, 1, 0, 0, 0, 0, 0, 0, 0, "Fire Juggler - OOC - Cast Spell"),

(55342, 0, 0, 0, 1, 0, 100, 0, 0, 0, 67000, 67000, 5, 2, 0, 0, 0, 0, 0, 1, 0, 0, 0, 0, 0, 0, 0, "Fire Juggler - OOC - Play Emote (2)"),
(55342, 0, 1, 0, 1, 0, 100, 0, 4800, 4800, 67000, 67000, 11, 102905, 0, 0, 0, 0, 0, 1, 0, 0, 0, 0, 0, 0, 0, "Fire Juggler - OOC - Cast Spell"),
(55342, 0, 2, 0, 1, 0, 100, 0, 29300, 29300, 67000, 67000, 28, 0, 0, 0, 0, 0, 0, 1, 0, 0, 0, 0, 0, 0, 0, "Fire Juggler - OOC - Remove All Auras"),
(55342, 0, 3, 0, 1, 0, 100, 0, 39000, 39000, 67000, 67000, 5, 2, 0, 0, 0, 0, 0, 1, 0, 0, 0, 0, 0, 0, 0, "Fire Juggler - OOC - Play Emote (2)"),
(55342, 0, 4, 0, 1, 0, 100, 0, 47500, 47500, 67000, 67000, 11, 46322, 0, 0, 0, 0, 0, 1, 0, 0, 0, 0, 0, 0, 0, "Fire Juggler - OOC - Cast Spell"),

(55341, 0, 0, 0, 1, 0, 100, 0, 1000, 1000, 67000, 67000, 5, 2, 0, 0, 0, 0, 0, 1, 0, 0, 0, 0, 0, 0, 0, "Fire Juggler - OOC - Play Emote (2)"),
(55341, 0, 1, 0, 1, 0, 100, 0, 5800, 5800, 67000, 67000, 11, 102905, 0, 0, 0, 0, 0, 1, 0, 0, 0, 0, 0, 0, 0, "Fire Juggler - OOC - Cast Spell"),
(55341, 0, 2, 0, 1, 0, 100, 0, 30300, 30300, 67000, 67000, 28, 0, 0, 0, 0, 0, 0, 1, 0, 0, 0, 0, 0, 0, 0, "Fire Juggler - OOC - Remove All Auras"),
(55341, 0, 3, 0, 1, 0, 100, 0, 40000, 40000, 67000, 67000, 5, 2, 0, 0, 0, 0, 0, 1, 0, 0, 0, 0, 0, 0, 0, "Fire Juggler - OOC - Play Emote (2)"),
(55341, 0, 4, 0, 1, 0, 100, 0, 48500, 48500, 67000, 67000, 11, 46322, 0, 0, 0, 0, 0, 1, 0, 0, 0, 0, 0, 0, 0, "Fire Juggler - OOC - Cast Spell"),

(55223, 0, 0, 0, 1, 0, 100, 0, 0, 0, 67000, 67000, 5, 2, 0, 0, 0, 0, 0, 1, 0, 0, 0, 0, 0, 0, 0, "Fire Juggler - OOC - Play Emote (2)"),
(55223, 0, 1, 0, 1, 0, 100, 0, 4800, 4800, 67000, 67000, 11, 102905, 0, 0, 0, 0, 0, 1, 0, 0, 0, 0, 0, 0, 0, "Fire Juggler - OOC - Cast Spell"),
(55223, 0, 2, 0, 1, 0, 100, 0, 29300, 29300, 67000, 67000, 28, 0, 0, 0, 0, 0, 0, 1, 0, 0, 0, 0, 0, 0, 0, "Fire Juggler - OOC - Remove All Auras"),
(55223, 0, 3, 0, 1, 0, 100, 0, 39000, 39000, 67000, 67000, 5, 2, 0, 0, 0, 0, 0, 1, 0, 0, 0, 0, 0, 0, 0, "Fire Juggler - OOC - Play Emote (2)"),
(55223, 0, 4, 0, 1, 0, 100, 0, 47500, 47500, 67000, 67000, 11, 46322, 0, 0, 0, 0, 0, 1, 0, 0, 0, 0, 0, 0, 0, "Fire Juggler - OOC - Cast Spell"),

(55222, 0, 0, 0, 1, 0, 100, 0, 1000, 1000, 67000, 67000, 5, 2, 0, 0, 0, 0, 0, 1, 0, 0, 0, 0, 0, 0, 0, "Fire Juggler - OOC - Play Emote (2)"),
(55222, 0, 1, 0, 1, 0, 100, 0, 5800, 5800, 67000, 67000, 11, 102905, 0, 0, 0, 0, 0, 1, 0, 0, 0, 0, 0, 0, 0, "Fire Juggler - OOC - Cast Spell"),
(55222, 0, 2, 0, 1, 0, 100, 0, 30300, 30300, 67000, 67000, 28, 0, 0, 0, 0, 0, 0, 1, 0, 0, 0, 0, 0, 0, 0, "Fire Juggler - OOC - Remove All Auras"),
(55222, 0, 3, 0, 1, 0, 100, 0, 40000, 40000, 67000, 67000, 5, 2, 0, 0, 0, 0, 0, 1, 0, 0, 0, 0, 0, 0, 0, "Fire Juggler - OOC - Play Emote (2)"),
(55222, 0, 4, 0, 1, 0, 100, 0, 48500, 48500, 67000, 67000, 11, 46322, 0, 0, 0, 0, 0, 1, 0, 0, 0, 0, 0, 0, 0, "Fire Juggler - OOC - Cast Spell"),

(55220, 0, 0, 0, 1, 0, 100, 0, 0, 0, 67000, 67000, 5, 2, 0, 0, 0, 0, 0, 1, 0, 0, 0, 0, 0, 0, 0, "Fire Juggler - OOC - Play Emote (2)"),
(55220, 0, 1, 0, 1, 0, 100, 0, 4800, 4800, 67000, 67000, 11, 102905, 0, 0, 0, 0, 0, 1, 0, 0, 0, 0, 0, 0, 0, "Fire Juggler - OOC - Cast Spell"),
(55220, 0, 2, 0, 1, 0, 100, 0, 29300, 29300, 67000, 67000, 28, 0, 0, 0, 0, 0, 0, 1, 0, 0, 0, 0, 0, 0, 0, "Fire Juggler - OOC - Remove All Auras"),
(55220, 0, 3, 0, 1, 0, 100, 0, 39000, 39000, 67000, 67000, 5, 2, 0, 0, 0, 0, 0, 1, 0, 0, 0, 0, 0, 0, 0, "Fire Juggler - OOC - Play Emote (2)"),
(55220, 0, 4, 0, 1, 0, 100, 0, 47500, 47500, 67000, 67000, 11, 46322, 0, 0, 0, 0, 0, 1, 0, 0, 0, 0, 0, 0, 0, "Fire Juggler - OOC - Cast Spell"),

(55221, 0, 0, 0, 1, 0, 100, 0, 1000, 1000, 67000, 67000, 5, 2, 0, 0, 0, 0, 0, 1, 0, 0, 0, 0, 0, 0, 0, "Fire Juggler - OOC - Play Emote (2)"),
(55221, 0, 1, 0, 1, 0, 100, 0, 5800, 5800, 67000, 67000, 11, 102905, 0, 0, 0, 0, 0, 1, 0, 0, 0, 0, 0, 0, 0, "Fire Juggler - OOC - Cast Spell"),
(55221, 0, 2, 0, 1, 0, 100, 0, 30300, 30300, 67000, 67000, 28, 0, 0, 0, 0, 0, 0, 1, 0, 0, 0, 0, 0, 0, 0, "Fire Juggler - OOC - Remove All Auras"),
(55221, 0, 3, 0, 1, 0, 100, 0, 40000, 40000, 67000, 67000, 5, 2, 0, 0, 0, 0, 0, 1, 0, 0, 0, 0, 0, 0, 0, "Fire Juggler - OOC - Play Emote (2)"),
(55221, 0, 4, 0, 1, 0, 100, 0, 48500, 48500, 67000, 67000, 11, 46322, 0, 0, 0, 0, 0, 1, 0, 0, 0, 0, 0, 0, 0, "Fire Juggler - OOC - Cast Spell"),

(55089, 0, 0, 0, 1, 0, 100, 0, 0, 0, 67000, 67000, 5, 2, 0, 0, 0, 0, 0, 1, 0, 0, 0, 0, 0, 0, 0, "Fire Juggler - OOC - Play Emote (2)"),
(55089, 0, 1, 0, 1, 0, 100, 0, 4800, 4800, 67000, 67000, 11, 102905, 0, 0, 0, 0, 0, 1, 0, 0, 0, 0, 0, 0, 0, "Fire Juggler - OOC - Cast Spell"),
(55089, 0, 2, 0, 1, 0, 100, 0, 29300, 29300, 67000, 67000, 28, 0, 0, 0, 0, 0, 0, 1, 0, 0, 0, 0, 0, 0, 0, "Fire Juggler - OOC - Remove All Auras"),
(55089, 0, 3, 0, 1, 0, 100, 0, 39000, 39000, 67000, 67000, 5, 2, 0, 0, 0, 0, 0, 1, 0, 0, 0, 0, 0, 0, 0, "Fire Juggler - OOC - Play Emote (2)"),
(55089, 0, 4, 0, 1, 0, 100, 0, 47500, 47500, 67000, 67000, 11, 46322, 0, 0, 0, 0, 0, 1, 0, 0, 0, 0, 0, 0, 0, "Fire Juggler - OOC - Cast Spell"),

(55093, 0, 0, 0, 1, 0, 100, 0, 1000, 1000, 67000, 67000, 5, 2, 0, 0, 0, 0, 0, 1, 0, 0, 0, 0, 0, 0, 0, "Fire Juggler - OOC - Play Emote (2)"),
(55093, 0, 1, 0, 1, 0, 100, 0, 5800, 5800, 67000, 67000, 11, 102905, 0, 0, 0, 0, 0, 1, 0, 0, 0, 0, 0, 0, 0, "Fire Juggler - OOC - Cast Spell"),
(55093, 0, 2, 0, 1, 0, 100, 0, 30300, 30300, 67000, 67000, 28, 0, 0, 0, 0, 0, 0, 1, 0, 0, 0, 0, 0, 0, 0, "Fire Juggler - OOC - Remove All Auras"),
(55093, 0, 3, 0, 1, 0, 100, 0, 40000, 40000, 67000, 67000, 5, 2, 0, 0, 0, 0, 0, 1, 0, 0, 0, 0, 0, 0, 0, "Fire Juggler - OOC - Play Emote (2)"),
(55093, 0, 4, 0, 1, 0, 100, 0, 48500, 48500, 67000, 67000, 11, 46322, 0, 0, 0, 0, 0, 1, 0, 0, 0, 0, 0, 0, 0, "Fire Juggler - OOC - Cast Spell");
