DELETE FROM creature WHERE guid IN (3906, 10298, 10299, 10300, 302508) AND id = 100;
DELETE FROM creature WHERE guid IN (5401, 10301, 10302, 10303, 10304, 53205, 74373, 74377) AND id = 61;
INSERT INTO creature (guid, id, map, position_x, position_y, position_z, orientation, spawntimesecs, spawndist, MovementType) VALUES
(3906, 100, 0, -9945.86, 620.999, 37.2259, 4.03808, 28800, 10, 1),
(10298, 100, 0, -9981.18, 566.13, 37.6634, 1.37087, 28800, 10, 1),
(10299, 100, 0, -10067.1, 629.856, 39.2659, 0.67265, 28800, 10, 1),
(10300, 100, 0, -10017, 654.089, 37.149, 5.412, 28800, 10, 1),
(302508, 100, 0, -9930.88, 573.464, 37.0119, 2.35969, 28800, 10, 1),

(5401, 61, 0, -9303.19, -292.231, 70.63, 3.22, 28800, 0, 2),
(10301, 61, 0, -9326.41, 543.283, 75.0137, 4.24072, 28800, 0, 0),
(10302, 61, 0, -9282.06, 520.888, 85.7024, 4.49441, 28800, 0, 0),
(10303, 61, 0, -9261.58, 465.959, 83.0718, 3.914, 28800, 0, 0),
(10304, 61, 0, -9859.07, -217.846, 36.3363, 3.8606, 28800, 0, 0),
(53205, 61, 0, -9862.97, -232.651, 35.444, 0.579991, 28800, 0, 0),
(74373, 61, 0, -9778.61, -1586.34, 41.3725, 4.474, 28800, 0, 0),
(74377, 61, 0, -9783.59, -1567.96, 41.8322, 0.732357, 28800, 0, 0);

UPDATE creature_template SET InhabitType = 7 WHERE entry = 18694;
UPDATE creature SET position_x = -3013.61, position_y = 464.581, position_z = -1.66238, spawndist = 0, MovementType = 2 WHERE guid = 126467 AND id = 18694;

DELETE FROM creature_template_addon WHERE entry IN (61, 18694);
DELETE FROM `creature_addon` WHERE `guid` IN (5401, 10301, 10302, 10303, 10304, 53205, 74373, 74377, 126467);
INSERT INTO `creature_addon` (`guid`,`path_id`,`mount`,`bytes1`,`bytes2`,`emote`,`auras`) VALUES
(5401, 5401*10, 0, 0, 1, 0, ""),
(10301, 0, 0, 1, 1, 0, ""),
(10302, 0, 0, 1, 1, 0, ""),
(10303, 0, 0, 1, 1, 0, ""),
(10304, 0, 0, 1, 1, 0, ""),
(53205, 0, 0, 1, 1, 0, ""),
(74373, 0, 0, 1, 1, 0, ""),
(74377, 0, 0, 1, 1, 0, ""),
(126467, 126467*10, 0, 0, 1, 0, "");

DELETE FROM waypoint_data WHERE id IN (5401*10, 126467*10);
INSERT INTO waypoint_data (`id`, `point`, `position_x`, `position_y`, `position_z`, `orientation`, `delay`, `move_type`, `action`, `action_chance`, `wpguid`) VALUES
(5401*10, 1, -9303.19, -292.231, 70.63, 0, 120000, 0, 0, 100, 0),
(5401*10, 2, -9304.99, -292.831, 70.5517, 0, 0, 0, 0, 100, 0),
(5401*10, 3, -9313.18, -292.923, 70.0808, 0, 0, 0, 0, 100, 0),
(5401*10, 4, -9324.45, -294.622, 69.0239, 0, 20000, 0, 0, 100, 0),
(5401*10, 5, -9304.99, -292.831, 70.5517, 0, 0, 0, 0, 100, 0),
(5401*10, 6, -9303.19, -292.231, 70.63, 0, 0, 0, 0, 100, 0),
(5401*10, 7, -9301.44, -289.602, 70.782, 0, 0, 0, 0, 100, 0),

(126467*10, 1, -3013.61, 464.581, -1.66238, 0, 0, 0, 0, 100, 0),
(126467*10, 2, -3014.17, 498.897, -7.54742, 0, 0, 0, 0, 100, 0),
(126467*10, 3, -3003.42, 539.168, 4.48822, 0, 0, 0, 0, 100, 0),
(126467*10, 4, -2950.68, 549.48, -5.14097, 0, 0, 0, 0, 100, 0),
(126467*10, 5, -2902.85, 551.89, -2.70704, 0, 0, 0, 0, 100, 0),
(126467*10, 6, -2856.27, 572.067, -4.73839, 0, 0, 0, 0, 100, 0),
(126467*10, 7, -2802.92, 611.373, -6.24457, 0, 0, 0, 0, 100, 0),
(126467*10, 8, -2788.24, 654.777, -10.935, 0, 0, 0, 0, 100, 0),
(126467*10, 9, -2777.88, 699.178, -6.10801, 0, 0, 0, 0, 100, 0),
(126467*10, 10, -2755.72, 741.17, -1.55358, 0, 0, 0, 0, 100, 0),
(126467*10, 11, -2732.75, 770.537, -0.223728, 0, 0, 0, 0, 100, 0),
(126467*10, 12, -2728.42, 809.036, 7.36859, 0, 0, 0, 0, 100, 0),
(126467*10, 13, -2735.92, 862.171, 4.16407, 0, 0, 0, 0, 100, 0),
(126467*10, 14, -2751.32, 917.112, 2.24615, 0, 0, 0, 0, 100, 0),
(126467*10, 15, -2756.96, 958.185, -2.23026, 0, 0, 0, 0, 100, 0),
(126467*10, 16, -2790.47, 1014.25, 1.36017, 0, 0, 0, 0, 100, 0),
(126467*10, 17, -2819.15, 1042.74, 5.87698, 0, 0, 0, 0, 100, 0),
(126467*10, 18, -2790.04, 1008.86, 0.766533, 0, 0, 0, 0, 100, 0),
(126467*10, 19, -2762.36, 963.438, -1.60225, 0, 0, 0, 0, 100, 0),
(126467*10, 20, -2750.99, 914.038, 2.43204, 0, 0, 0, 0, 100, 0),
(126467*10, 21, -2733.95, 864.899, 5.03877, 0, 0, 0, 0, 100, 0),
(126467*10, 22, -2729.98, 818.492, -2.149, 0, 0, 0, 0, 100, 0),
(126467*10, 23, -2743.59, 745.799, -4.93666, 0, 0, 0, 0, 100, 0),
(126467*10, 24, -2756.81, 669.144, -13.8135, 0, 0, 0, 0, 100, 0),
(126467*10, 25, -2772.33, 640.811, -20.9951, 0, 0, 0, 0, 100, 0),
(126467*10, 26, -2822.45, 617.9, -8.97523, 0, 0, 0, 0, 100, 0),
(126467*10, 27, -2877.12, 580.651, -9.083, 0, 0, 0, 0, 100, 0),
(126467*10, 28, -2960.09, 552.926, -7.03473, 0, 0, 0, 0, 100, 0),
(126467*10, 29, -3005.1, 496.315, -13.8056, 0, 0, 0, 0, 100, 0),
(126467*10, 30, -3012.09, 442.061, -3.58871, 0, 0, 0, 0, 100, 0),
(126467*10, 31, -3004.98, 363.255, 2.23716, 0, 0, 0, 0, 100, 0),
(126467*10, 32, -2996.85, 290.217, -0.5488, 0, 0, 0, 0, 100, 0),
(126467*10, 33, -2996.14, 206.339, 2.47533, 0, 0, 0, 0, 100, 0),
(126467*10, 34, -2994.31, 115.131, 2.65022, 0, 0, 0, 0, 100, 0),
(126467*10, 35, -2997.15, 190.237, 3.96603, 0, 0, 0, 0, 100, 0),
(126467*10, 36, -2996.59, 287.268, -1.48792, 0, 0, 0, 0, 100, 0),
(126467*10, 37, -2977.16, 330.412, -7.62497, 0, 0, 0, 0, 100, 0),
(126467*10, 38, -3005.61, 362.537, 2.1557, 0, 0, 0, 0, 100, 0),
(126467*10, 39, -3035.38, 425.13, -0.692898, 0, 0, 0, 0, 100, 0);

DELETE FROM pool_template WHERE entry IN (460, 461, 463, 464, 465, 466, 467, 571);
INSERT INTO pool_template (entry, max_limit, description) VALUES
(460, 1, "Bayne"),
(461, 1, "Farmer Solliden"),
(463, 1, "Gruff Swiftbite"),
(464, 1, "Thuros Lightfingers"),
(465, 1, "Ambassador Jerrikar"),
(466, 1, "Chief Engineer Lorthander"),
(467, 1, "Doomsayer Jurim"),
(571, 1, "Sha of Anger");

DELETE FROM pool_creature WHERE pool_entry IN (460, 461, 463, 464, 465, 466, 467, 571);
INSERT INTO pool_creature (guid, pool_entry, chance, description) VALUES
(131458, 460, 0, "Bayne (Spawn 1)"),
(131459, 460, 0, "Bayne (Spawn 2)"),
(131457, 460, 0, "Bayne (Spawn 3)"),
(131456, 460, 0, "Bayne (Spawn 4)"),
(52641, 460, 0, "Bayne (Spawn 5)"),
(306498, 460, 0, "Bayne (Spawn 6)"),

(17528, 461, 0, "Farmer Solliden (Spawn 1)"),
(194009, 461, 0, "Farmer Solliden (Spawn 2)"),

(3906, 463, 0, "Gruff Swiftbite (Spawn 1)"),
(10298, 463, 0, "Gruff Swiftbite (Spawn 2)"),
(10299, 463, 0, "Gruff Swiftbite (Spawn 3)"),
(10300, 463, 0, "Gruff Swiftbite (Spawn 4)"),
(302508, 463, 0, "Gruff Swiftbite (Spawn 5)"),

(5401, 464, 0, "Thuros Lightfingers (Spawn 1)"),
(10301, 464, 0, "Thuros Lightfingers (Spawn 2)"),
(10302, 464, 0, "Thuros Lightfingers (Spawn 3)"),
(10303, 464, 0, "Thuros Lightfingers (Spawn 4)"),
(10304, 464, 0, "Thuros Lightfingers (Spawn 5)"),
(53205, 464, 0, "Thuros Lightfingers (Spawn 6)"),
(74373, 464, 0, "Thuros Lightfingers (Spawn 7)"),
(74377, 464, 0, "Thuros Lightfingers (Spawn 8)"),

(126689, 465, 0, "Ambassador Jerrikar (Spawn 1)"),
(126690, 465, 0, "Ambassador Jerrikar (Spawn 2)"),
(131431, 465, 0, "Ambassador Jerrikar (Spawn 3)"),
(131432, 465, 0, "Ambassador Jerrikar (Spawn 4)"),
(131433, 465, 0, "Ambassador Jerrikar (Spawn 5)"),

(123874, 466, 0, "Chief Engineer Lorthander (Spawn 1)"),
(131540, 466, 0, "Chief Engineer Lorthander (Spawn 2)"),
(131541, 466, 0, "Chief Engineer Lorthander (Spawn 3)"),

(124191, 467, 0, "Doomsayer Jurim (Spawn 1)"),
(131422, 467, 0, "Doomsayer Jurim (Spawn 2)"),
(131423, 467, 0, "Doomsayer Jurim (Spawn 3)"),
(131424, 467, 0, "Doomsayer Jurim (Spawn 4)"),
(131425, 467, 0, "Doomsayer Jurim (Spawn 5)"),

(10576396, 571, 0, "Sha of Anger (Spawn 1)"),
(10576395, 571, 0, "Sha of Anger (Spawn 2)"),
(10550815, 571, 0, "Sha of Anger (Spawn 3)"),
(10550814, 571, 0, "Sha of Anger (Spawn 4)");
