SET @SHIVERMAW := 101951;

UPDATE `creature_template` SET 
`ScriptName` = 'freakz_boss_shivermaw', 
`minLevel` = 107, 
`maxLevel` = 112, 
`faction` = 16,
`unit_class` = 4,
`InhabitType` = 7,
`mechanic_immune_mask` = `mechanic_immune_mask` |617299967
WHERE `entry` IN (@SHIVERMAW);

UPDATE `creature_template` SET 
`ScriptName` = 'freakz_npc_vha_ice_block',
`minLevel` = 104,
`maxLevel` = 110,
`faction` = 16,
`unit_flags` = 131072
WHERE `entry` = 102301;

-- Tail Sweep
DELETE FROM freakz_spell_dbc_override WHERE spell = 201354;
INSERT INTO freakz_spell_dbc_override VALUES (201354, 51, 0, 2, 1, 'SPELL_ATTR0_CU_CONE_BACK', 698272);

DELETE FROM `spell_linked_spell` WHERE `spell_trigger` IN (201848, 201865, 201672);

DELETE FROM `spell_script_names` WHERE `spell_id` IN (201961, 201672, 201865, 201852);
INSERT INTO `spell_script_names` (`spell_id`, `ScriptName`) VALUES
(201961, 'freakz_spell_shivermaw_ice_bomb'),
(201672, 'freakz_spell_shivermaw_relentless_storm'),
(201865, 'freakz_spell_shivermaw_relentless_storm_missile');

DELETE FROM `spell_target_position` WHERE `ID` IN (201960, 201652, 201643);
INSERT INTO `spell_target_position` (`ID`, `EffectIndex`, `MapID`, `PositionX`, `PositionY`, `PositionZ`, `VerifiedBuild`) VALUES
(201960, 0, 1544, 4631.69, 4016.5, 77.989, 23360),
(201652, 0, 1544, 4682.75, 4012.03, 91.73, 23360),
(201643, 0, 1544, 4586.96, 4015.29, 83.46, 23360);

DELETE FROM `areatrigger_template` WHERE `id` IN (5738, 5762);
INSERT INTO `areatrigger_template` (`id`, `type`, `flags`, `Data0`, `Data1`, `Data2`,`Data3`, `Data4`, `Data5`, `ScriptName`, `VerifiedBuild`) VALUES
(5738, 3, 0, 0, 0, 0, 0, 0, 0, 'freakz_at_vha_relentless_storm', 23360),
(5762, 3, 0, 0, 0, 0, 0, 0, 0, 'freakz_at_vha_relentless_storm', 23360);

DELETE FROM `areatrigger_template_polygon_vertices` WHERE `AreaTriggerId` IN (5738, 5762);
INSERT INTO `areatrigger_template_polygon_vertices` (`AreaTriggerId`, `Idx`, `VerticeX`, `VerticeY`, `VerticeTargetX`, `VerticeTargetY`, `VerifiedBuild`) VALUES
(5738, 156, -50.33496, -36.8064, 0, 0, 23360),
(5738, 155, -46.92969, -36.82739, 0, 0, 23360),
(5738, 154, -44.22754, -37.52173, 0, 0, 23360),
(5738, 153, -41.74658, -39.04785, 0, 0, 23360),
(5738, 152, -39.12354, -42.98535, 0, 0, 23360),
(5738, 151, -29.56348, -40.5686, 0, 0, 23360),
(5738, 150, -20.6748, -35.42969, 0, 0, 23360),
(5738, 149, -11.52002, -26.85498, 0, 0, 23360),
(5738, 148, -6.659668, -18.86108, 0, 0, 23360),
(5738, 147, -8.360352, -16.82568, 0, 0, 23360),
(5738, 146, -10.60156, -17.35596, 0, 0, 23360),
(5738, 145, -13.24072, -16.11035, 0, 0, 23360),
(5738, 144, -17.00195, -12.70142, 0, 0, 23360),
(5738, 143, -20.01318, -8.845459, 0, 0, 23360),
(5738, 142, -21.79688, -4.699707, 0, 0, 23360),
(5738, 141, -21.78027, -4.245605, 0, 0, 23360),
(5738, 140, -21.62061, -3.751709, 0, 0, 23360),
(5738, 139, -22.10254, -2.933105, 0, 0, 23360),
(5738, 138, -22.97754, -2.585205, 0, 0, 23360),
(5738, 137, -24.06543, -3.114746, 0, 0, 23360),
(5738, 136, -24.12354, -4.38623, 0, 0, 23360),
(5738, 135, -26.46191, -1.949707, 0, 0, 23360),
(5738, 134, -27.43066, 0.362793, 0, 0, 23360),
(5738, 133, -27.7998, 2.658691, 0, 0, 23360),
(5738, 132, -27.55127, 4.977295, 0, 0, 23360),
(5738, 131, -26.58594, 7.333252, 0, 0, 23360),
(5738, 130, -25.32715, 9.111084, 0, 0, 23360),
(5738, 129, -24.3291, 9.747314, 0, 0, 23360),
(5738, 128, -23.94043, 8.494629, 0, 0, 23360),
(5738, 127, -22.96094, 8.078125, 0, 0, 23360),
(5738, 126, -21.98877, 8.307129, 0, 0, 23360),
(5738, 125, -21.55566, 9.223877, 0, 0, 23360),
(5738, 124, -22.13477, 10.28027, 0, 0, 23360),
(5738, 123, -19.81885, 14.52417, 0, 0, 23360),
(5738, 122, -17.03223, 18.13892, 0, 0, 23360),
(5738, 121, -13.21533, 21.46704, 0, 0, 23360),
(5738, 120, -9.928223, 23.07202, 0, 0, 23360),
(5738, 119, -9.240723, 22.37061, 0, 0, 23360),
(5738, 118, -7.323242, 22.41919, 0, 0, 23360),
(5738, 117, -6.210938, 23.69189, 0, 0, 23360),
(5738, 116, -6.39502, 25.55029, 0, 0, 23360),
(5738, 115, -7.674805, 26.67529, 0, 0, 23360),
(5738, 114, -8.756348, 26.72998, 0, 0, 23360),
(5738, 113, -10.04004, 28.77417, 0, 0, 23360),
(5738, 112, -11.64404, 32.06689, 0, 0, 23360),
(5738, 111, -12.41504, 33.01221, 0, 0, 23360),
(5738, 110, -15.04883, 34.98169, 0, 0, 23360),
(5738, 109, -15.69727, 35.87402, 0, 0, 23360),
(5738, 108, -25.97559, 43.00513, 0, 0, 23360),
(5738, 107, -37.65625, 48.5625, 0, 0, 23360),
(5738, 106, -43.32129, 52.01807, 0, 0, 23360),
(5738, 105, -51.36475, 52.83423, 0, 0, 23360),
(5738, 104, -51.7251, 48.40796, 0, 0, 23360),
(5738, 103, -52.79785, 45.49829, 0, 0, 23360),
(5738, 102, -54.70947, 43.04346, 0, 0, 23360),
(5738, 101, -57.49414, 41.39307, 0, 0, 23360),
(5738, 100, -60.86279, 40.81494, 0, 0, 23360),
(5738, 99, -64.11572, 41.41919, 0, 0, 23360),
(5738, 98, -66.12402, 42.47388, 0, 0, 23360),
(5738, 97, -67.94385, 44.125, 0, 0, 23360),
(5738, 96, -69.48633, 47.58423, 0, 0, 23360),
(5738, 95, -69.03809, 50.31763, 0, 0, 23360),
(5738, 94, -75.14258, 48.95386, 0, 0, 23360),
(5738, 93, -86.88965, 43.55298, 0, 0, 23360),
(5738, 92, -91.30225, 43.46704, 0, 0, 23360),
(5738, 91, -93.06885, 44.65625, 0, 0, 23360),
(5738, 90, -90.33887, 47.57471, 0, 0, 23360),
(5738, 89, -90.16064, 49.15796, 0, 0, 23360),
(5738, 88, -88.79346, 49.26807, 0, 0, 23360),
(5738, 87, -87.01563, 50.69775, 0, 0, 23360),
(5738, 86, -86.19434, 55.927, 0, 0, 23360),
(5738, 85, -86.4209, 56.50342, 0, 0, 23360),
(5738, 84, -82.93848, 57.86963, 0, 0, 23360),
(5738, 83, -79.31104, 60.89404, 0, 0, 23360),
(5738, 82, -78.40723, 60.27783, 0, 0, 23360),
(5738, 81, -73.62158, 58.85229, 0, 0, 23360),
(5738, 80, -71.43506, 59.90869, 0, 0, 23360),
(5738, 79, -69.31348, 65.38013, 0, 0, 23360),
(5738, 78, -65.45654, 65.79346, 0, 0, 23360),
(5738, 77, -61.40918, 67.70215, 0, 0, 23360),
(5738, 76, -61.0376, 67.08057, 0, 0, 23360),
(5738, 75, -56.57666, 64.03467, 0, 0, 23360),
(5738, 74, -54.36475, 64.43652, 0, 0, 23360),
(5738, 73, -50.63477, 68.86108, 0, 0, 23360),
(5738, 72, -46.61914, 67.8584, 0, 0, 23360),
(5738, 71, -42.72949, 68.30298, 0, 0, 23360),
(5738, 70, -42.20215, 67.47998, 0, 0, 23360),
(5738, 69, -38.96533, 62.42969, 0, 0, 23360),
(5738, 68, -37.75439, 62.22485, 0, 0, 23360),
(5738, 67, -35.08691, 60.22314, 0, 0, 23360),
(5738, 66, -30.58154, 59.08936, 0, 0, 23360),
(5738, 65, -28.5, 59.77417, 0, 0, 23360),
(5738, 64, -25.93848, 58.90796, 0, 0, 23360),
(5738, 63, -23.53906, 60.50439, 0, 0, 23360),
(5738, 62, -19.96436, 61.42432, 0, 0, 23360),
(5738, 61, -17.77441, 63.56323, 0, 0, 23360),
(5738, 60, -17.12354, 61.49902, 0, 0, 23360),
(5738, 59, -14.23193, 57.24902, 0, 0, 23360),
(5738, 58, -10.51074, 53.42188, 0, 0, 23360),
(5738, 57, -5.748535, 50.29346, 0, 0, 23360),
(5738, 56, -1.73291, 48.47656, 0, 0, 23360),
(5738, 55, 1.401855, 47.95654, 0, 0, 23360),
(5738, 54, 0.3637695, 45.85938, 0, 0, 23360),
(5738, 53, -0.6591797, 39.56421, 0, 0, 23360),
(5738, 52, 0.4233398, 38.52246, 0, 0, 23360),
(5738, 51, 0.5849609, 35.875, 0, 0, 23360),
(5738, 50, 2.594727, 31.11011, 0, 0, 23360),
(5738, 49, 6.498047, 28.85938, 0, 0, 23360),
(5738, 48, 7.690918, 26.73608, 0, 0, 23360),
(5738, 47, 11.80566, 26.29517, 0, 0, 23360),
(5738, 46, 13.05713, 26.52515, 0, 0, 23360),
(5738, 45, 12.85498, 25.91577, 0, 0, 23360),
(5738, 44, 13.04785, 22.70142, 0, 0, 23360),
(5738, 43, 14.23535, 19.14673, 0, 0, 23360),
(5738, 42, 16.16064, 16.17798, 0, 0, 23360),
(5738, 41, 14.25098, 15.26733, 0, 0, 23360),
(5738, 40, 11.66992, 12.4895, 0, 0, 23360),
(5738, 39, 12.05713, 10.19775, 0, 0, 23360),
(5738, 38, 15.09082, 8.414063, 0, 0, 23360),
(5738, 37, 17.51221, 8.028564, 0, 0, 23360),
(5738, 36, 17.02002, 6.993896, 0, 0, 23360),
(5738, 35, 16.17627, 4.633545, 0, 0, 23360),
(5738, 34, 16.19434, 0.142334, 0, 0, 23360),
(5738, 33, 17.0293, -2.710205, 0, 0, 23360),
(5738, 32, 15.39502, -2.862061, 0, 0, 23360),
(5738, 31, 12.14307, -4.532227, 0, 0, 23360),
(5738, 30, 11.84375, -6.71875, 0, 0, 23360),
(5738, 29, 13.93457, -9.058105, 0, 0, 23360),
(5738, 28, 16.0166, -10.30566, 0, 0, 23360),
(5738, 27, 15.20117, -10.79688, 0, 0, 23360),
(5738, 26, 12.88379, -15.27173, 0, 0, 23360),
(5738, 25, 12.22021, -20.2561, 0, 0, 23360),
(5738, 24, 6.960938, -20.62256, 0, 0, 23360),
(5738, 23, 6.110352, -22.18237, 0, 0, 23360),
(5738, 22, 3.03125, -24.64673, 0, 0, 23360),
(5738, 21, 0.4243164, -28.7085, 0, 0, 23360),
(5738, 20, 0.9624023, -33.33936, 0, 0, 23360),
(5738, 19, 2.455566, -35.74316, 0, 0, 23360),
(5738, 18, -2.571289, -42.41504, 0, 0, 23360),
(5738, 17, -17.73779, -53.94873, 0, 0, 23360),
(5738, 16, -19.22314, -51.4314, 0, 0, 23360),
(5738, 15, -23.88574, -50.42529, 0, 0, 23360),
(5738, 14, -28.71387, -51.80396, 0, 0, 23360),
(5738, 13, -31.50342, -55.84473, 0, 0, 23360),
(5738, 12, -31.34131, -62.00098, 0, 0, 23360),
(5738, 11, -35.63721, -62.24316, 0, 0, 23360),
(5738, 10, -36.22559, -64.33936, 0, 0, 23360),
(5738, 9, -40.10254, -63.08423, 0, 0, 23360),
(5738, 8, -47.27002, -62.59131, 0, 0, 23360),
(5738, 7, -52.20313, -63.9541, 0, 0, 23360),
(5738, 6, -52.77686, -61.54517, 0, 0, 23360),
(5738, 5, -55.10693, -61.59033, 0, 0, 23360),
(5738, 4, -57.06543, -44.20483, 0, 0, 23360),
(5738, 3, -56.71094, -42.20068, 0, 0, 23360),
(5738, 2, -55.72314, -40.22925, 0, 0, 23360),
(5738, 1, -54.20166, -38.58594, 0, 0, 23360),
(5738, 0, -52.38135, -37.4314, 0, 0, 23360),
(5762, 0, 17.4707, 4.821045, 0, 0, 23360),
(5762, 1, 16.21777, 6.656982, 0, 0, 23360),
(5762, 2, 13.70654, 8.289795, 0, 0, 23360),
(5762, 3, 11.59131, 8.953857, 0, 0, 23360),
(5762, 4, 9.091309, 8.076172, 0, 0, 23360),
(5762, 5, 5.735352, 18.31592, 0, 0, 23360),
(5762, 6, -0.2167969, 26.07202, 0, 0, 23360),
(5762, 7, -7.559082, 31.7168, 0, 0, 23360),
(5762, 8, -10.49707, 32.54932, 0, 0, 23360),
(5762, 9, -11.44775, 30.20654, 0, 0, 23360),
(5762, 10, -9.61377, 29.12915, 0, 0, 23360),
(5762, 11, -8.109375, 25.64575, 0, 0, 23360),
(5762, 12, -8.888672, 21.86621, 0, 0, 23360),
(5762, 13, -11.63721, 19.25244, 0, 0, 23360),
(5762, 14, -13.99707, 18.9729, 0, 0, 23360),
(5762, 15, -16.42285, 14.49463, 0, 0, 23360),
(5762, 16, -13.49805, 13.32373, 0, 0, 23360),
(5762, 17, -13.75, 6.663086, 0, 0, 23360),
(5762, 18, -18.61963, 5.847168, 0, 0, 23360),
(5762, 19, -19.15869, 4.915771, 0, 0, 23360),
(5762, 20, -19.16748, -4.817871, 0, 0, 23360),
(5762, 21, -18.82178, -5.743164, 0, 0, 23360),
(5762, 22, -13.47803, -6.747559, 0, 0, 23360),
(5762, 23, -13.46582, -13.39771, 0, 0, 23360),
(5762, 24, -16.65088, -14.32642, 0, 0, 23360),
(5762, 25, -13.66748, -19.65283, 0, 0, 23360),
(5762, 26, -12.86035, -19.6936, 0, 0, 23360),
(5762, 27, -9.605957, -21.51318, 0, 0, 23360),
(5762, 28, -8.13623, -25.11304, 0, 0, 23360),
(5762, 29, -8.930664, -28.82471, 0, 0, 23360),
(5762, 30, -10.6709, -30.34814, 0, 0, 23360),
(5762, 31, -10.29346, -31.97241, 0, 0, 23360),
(5762, 32, -7.638672, -31.16602, 0, 0, 23360),
(5762, 33, -0.1342773, -25.25269, 0, 0, 23360),
(5762, 34, 5.769043, -17.81177, 0, 0, 23360),
(5762, 35, 9.23877, -7.75708, 0, 0, 23360),
(5762, 36, 11.6748, -8.696289, 0, 0, 23360),
(5762, 37, 14.2085, -7.723145, 0, 0, 23360),
(5762, 38, 16.04883, -6.316895, 0, 0, 23360),
(5762, 39, 17.53125, -4.353516, 0, 0, 23360),
(5762, 40, 18.46094, -2.108643, 0, 0, 23360),
(5762, 41, 18.78418, 0.1542969, 0, 0, 23360),
(5762, 42, 18.57227, 1.880127, 0, 0, 23360);

DELETE FROM `spell_areatrigger` WHERE `SpellMiscId` IN (5738, 5762, 5785, 5786);
INSERT INTO `spell_areatrigger` (`SpellMiscId`, `AreaTriggerId`, `MoveCurveId`, `ScaleCurveId`, `MorphCurveId`, `FacingCurveId`, `DecalPropertiesId`, `TimeToTarget`, `TimeToTargetScale`, `VerifiedBuild`) VALUES
(5738, 5738, 0, 0, 0, 0, 0, 0, 16000, 23360),
(5762, 5762, 0, 0, 0, 0, 0, 0, 16000, 23360),
(5785, 5785, 0, 0, 0, 0, 0, 0, 16000, 23360),
(5786, 5786, 0, 0, 0, 0, 0, 0, 16000, 23360);

